shock_bp,full_pnl,first_order_pnl,second_order_pnl,abs_err_first,abs_err_second
-200,16498358.360603,14455373.076011,16258481.544905,2042985.284592,239876.815699
-100,7706719.906865,7227686.538006,7678463.655229,479033.368859,28256.251636
-50,3729968.127425,3613843.269003,3726537.548309,116124.858422,3430.579116
-25,1835517.478233,1806921.634501,1835095.204328,28595.843732,422.273905
-10,727303.085579,722768.653801,727276.424973,4534.431779,26.660606
-5,362514.551067,361384.3269,362511.269693,1130.224166,3.281373
-2,144734.23708,144553.73076,144734.041607,180.50632,0.195473
-1,72321.962003,72276.86538,72321.943092,45.096623,0.018911
1,-72231.809425,-72276.86538,-72231.787668,45.055955,0.021757
2,-144373.626417,-144553.73076,-144373.419913,180.104343,0.206504
5,-360260.718947,-361384.3269,-360257.384107,1123.607953,3.33484
10,-718287.536006,-722768.653801,-718260.882628,4481.117794,26.653378
25,-1779160.619186,-1806921.634501,-1778748.064675,27761.015316,412.554511
50,-3504402.413294,-3613843.269003,-3501148.989697,109440.855709,3253.423597
100,-6802239.918268,-7227686.538006,-6776909.420782,425446.619738,25330.497486
200,-12844662.659936,-14455373.076011,-12652264.607118,1610710.416076,192398.052817
