bond_id,issuer,sector,rating,kind,coupon,maturity,years_to_maturity,clean,accrued,dirty,ytm,z_spread_bp,macaulay,modified,yield_convexity,yield_dv01,eff_duration,eff_convexity,dv01,kr_dv01_sum,cs01,spread_duration
UST 4.250 03/31/27,U.S. Treasury,Government,AAA,TSY,0.0425,2027-03-31,0.495551,99.996211,0.011676,100.007887,0.042573,0.0,0.497253,0.486944,0.47423,0.00487,0.485568,0.4725,0.004856,0.004856,0.0,0.0
UST 4.625 09/30/28,U.S. Treasury,Government,AAA,TSY,0.04625,2028-09-30,1.998631,99.69526,0.012706,99.707966,0.047867,0.0,1.930345,1.885225,4.545251,0.018797,1.891239,4.571927,0.018857,0.018857,0.0,0.0
UST 4.875 09/15/29,U.S. Treasury,Government,AAA,TSY,0.04875,2029-09-15,2.956879,99.89885,0.21547,100.11432,0.049113,0.0,2.782798,2.7161,8.979418,0.027192,2.725328,9.035286,0.027284,0.027284,0.0,0.0
UST 4.250 01/31/30,U.S. Treasury,Government,AAA,TSY,0.0425,2030-01-31,3.334702,97.88301,0.716033,98.599043,0.049451,0.0,3.117603,3.042378,11.143834,0.029998,3.055276,11.228369,0.030125,0.030125,0.0,0.0
UST 5.000 09/30/31,U.S. Treasury,Government,AAA,TSY,0.05,2031-09-30,4.996578,99.943731,0.013736,99.957467,0.050128,0.0,4.482511,4.372908,22.583601,0.04371,4.387465,22.719787,0.043856,0.043856,0.0,0.0
UST 1.375 11/15/31,U.S. Treasury,Government,AAA,TSY,0.01375,2031-11-15,5.122519,83.653361,0.519361,84.172722,0.050349,0.0,4.914698,4.794011,25.985457,0.040352,4.813452,26.170516,0.040516,0.040516,0.0,0.0
UST 5.125 09/30/33,U.S. Treasury,Government,AAA,TSY,0.05125,2033-09-30,6.997947,100.005079,0.01408,100.019159,0.051241,0.0,5.96666,5.81761,40.200895,0.058187,5.847533,40.56587,0.058487,0.058487,0.0,0.0
UST 5.250 08/15/36,U.S. Treasury,Government,AAA,TSY,0.0525,2036-08-15,9.87269,100.06458,0.670516,100.735096,0.052407,0.0,7.778711,7.580087,70.432149,0.076358,7.635018,71.32129,0.076911,0.076911,0.0,0.0
UST STRIP 0 11/15/36,U.S. Treasury,Government,AAA,TSY,0.0,2036-11-15,10.124572,58.867968,0.0,58.867968,0.053038,0.0,10.122283,9.860783,102.038065,0.058048,9.972424,103.878232,0.058706,0.058706,0.0,0.0
UST 4.750 02/15/45,U.S. Treasury,Government,AAA,TSY,0.0475,2045-02-15,18.376454,90.025152,0.606658,90.63181,0.056275,0.0,12.018596,11.689675,182.992314,0.105946,11.917198,189.333902,0.108008,0.108008,0.0,0.0
UST 5.625 08/15/56,U.S. Treasury,Government,AAA,TSY,0.05625,2056-08-15,29.87269,100.144665,0.71841,100.863076,0.056144,0.0,14.700319,14.298917,312.724608,0.144223,14.397899,317.867246,0.145222,0.145221,0.0,0.0
ATLAS 4.200 01/15/29,Atlas Bancorp,Financials,A,CORP,0.042,2029-01-15,2.291581,96.493977,0.886667,97.380643,0.058555,98.736334,2.185821,2.123646,5.678789,0.02068,2.142592,5.775274,0.020865,0.020865,0.021321,2.189489
ATLAS 5.500 06/15/31,Atlas Bancorp,Financials,A,CORP,0.055,2031-06-15,4.703628,97.657807,1.619444,99.277252,0.060773,104.76645,4.135926,4.013955,19.491508,0.039849,4.047181,19.801517,0.040179,0.040179,0.041054,4.135262
ATLAS 5.875 03/15/36,Atlas Bancorp,Financials,A,CORP,0.05875,2036-03-15,9.453799,96.169099,0.261111,96.43021,0.064213,116.641878,7.320344,7.092626,62.396068,0.068394,7.179586,63.83422,0.069233,0.069233,0.070472,7.308033
MERID 5.800 04/15/30,Meridian Financial,Financials,BBB,CORP,0.058,2030-04-15,3.537303,97.849637,2.674444,100.524081,0.064888,149.88455,3.160358,3.061046,11.622524,0.030771,3.092594,11.855944,0.031088,0.031088,0.031766,3.160085
MERID 6.125 10/15/33,Meridian Financial,Financials,BBB,CORP,0.06125,2033-10-15,7.039014,96.516367,2.824306,99.340673,0.067543,158.638827,5.632236,5.44824,37.072994,0.054123,5.518016,37.988376,0.054816,0.054816,0.055922,5.629283
KEYST 4.900 05/15/32,Keystone Mutual Insurance,Financials,AA,CORP,0.049,2032-05-15,5.620808,95.493705,1.851111,97.344816,0.058507,77.412881,4.870861,4.73242,26.952842,0.046068,4.769261,27.345422,0.046426,0.046426,0.047408,4.870067
KEYST 5.600 05/15/47,Keystone Mutual Insurance,Financials,AA,CORP,0.056,2047-05-15,20.618754,88.552383,2.115556,90.667939,0.066252,96.855865,11.665782,11.291732,185.687275,0.10238,11.512458,192.897882,0.104381,0.104381,0.104232,11.496004
VRTX 4.650 08/01/30,Vertex Systems,Technology,AA,CORP,0.0465,2030-08-01,3.832991,96.833448,0.775,97.608448,0.055768,59.214963,3.523091,3.427518,14.070087,0.033455,3.449332,14.237044,0.033668,0.033668,0.034402,3.524532
VRTX 5.100 05/01/35,Vertex Systems,Technology,AA,CORP,0.051,2035-05-01,8.580424,94.495501,2.125,96.620501,0.059267,71.083546,6.851793,6.654596,54.603191,0.064297,6.719705,55.571269,0.064926,0.064926,0.066126,6.843884
VRTX 5.400 02/01/46,Vertex Systems,Technology,AA,CORP,0.054,2046-02-01,19.33744,88.260765,0.9,89.160765,0.064721,82.102438,11.62012,11.255876,177.846015,0.100358,11.494199,185.018704,0.102483,0.102483,0.102283,11.471764
QNTM 5.350 12/01/32,Quantum Devices,Technology,A,CORP,0.0535,2032-12-01,6.168378,96.54581,1.783333,98.329143,0.060272,91.467705,5.221001,5.068263,31.127967,0.049836,5.11577,31.676546,0.050303,0.050303,0.051345,5.221698
HALC 5.200 04/15/34,Halcyon Health,Healthcare,A,CORP,0.052,2034-04-15,7.537303,94.376043,2.397778,96.773821,0.061427,96.499707,6.134119,5.951331,43.535582,0.057593,6.01225,44.364135,0.058183,0.058183,0.059319,6.129628
HALC 5.950 04/15/54,Halcyon Health,Healthcare,A,CORP,0.0595,2054-04-15,27.537303,89.475213,2.743611,92.218824,0.068003,116.686292,12.731664,12.313004,242.958746,0.113549,12.457403,249.460876,0.114881,0.114881,0.115462,12.520399
GRNT 5.900 11/15/29,Granite Energy Partners,Energy,BBB,CORP,0.059,2029-11-15,3.123888,98.519427,2.228889,100.748316,0.064278,146.164892,2.83249,2.744291,9.380446,0.027648,2.774366,9.58004,0.027951,0.027951,0.028562,2.834952
GRNT 6.250 07/15/35,Granite Energy Partners,Energy,BBB,CORP,0.0625,2035-07-15,8.785763,96.092825,1.319444,97.412269,0.06847,160.319581,6.758755,6.535027,53.60165,0.063659,6.626215,55.01748,0.064547,0.064547,0.065736,6.748262
RIVR 5.450 01/15/36,Riverstone Utilities,Utilities,A,CORP,0.0545,2036-01-15,9.289528,93.837363,1.150556,94.987918,0.063364,108.50097,7.252022,7.02932,61.262335,0.06677,7.115061,62.656022,0.067584,0.067584,0.068798,7.242816
RIVR 6.000 06/01/55,Riverstone Utilities,Utilities,A,CORP,0.06,2055-06-01,28.665298,88.984162,2.0,90.984162,0.068847,125.209389,12.907826,12.478279,251.193561,0.113533,12.619109,257.705808,0.114814,0.114814,0.115472,12.69147
BLUW 6.050 03/01/33,Bluewater Power,Utilities,BBB,CORP,0.0605,2033-03-01,6.414784,97.132536,0.504167,97.636703,0.066041,146.829434,5.368064,5.196473,32.715186,0.050737,5.257108,33.446648,0.051329,0.051329,0.052384,5.365213
IRON 5.750 09/15/31,Ironclad Industries,Industrials,BBB,CORP,0.0575,2031-09-15,4.95551,97.302858,0.255556,97.558413,0.063927,134.438895,4.361668,4.226571,21.388506,0.041234,4.269129,21.809322,0.041649,0.041649,0.042556,4.362062
IRON 6.100 09/15/45,Ironclad Industries,Industrials,BBB,CORP,0.061,2045-09-15,18.956879,88.838953,0.271111,89.110064,0.071869,154.215624,10.97317,10.592535,160.18511,0.09439,10.830322,167.205011,0.096509,0.096509,0.096449,10.823616
SUMT 5.300 10/01/35,Summit Rail,Industrials,A,CORP,0.053,2035-10-01,8.999316,92.757833,0.0,92.757833,0.063697,112.639611,7.193504,6.971474,59.244042,0.064666,7.05655,60.591014,0.065455,0.065455,0.066644,7.184765
HRVST 4.950 02/15/30,Harvest Foods,Consumer Staples,A,CORP,0.0495,2030-02-15,3.37577,97.309108,0.6325,97.941608,0.058384,86.7114,3.124444,3.035822,11.147327,0.029733,3.062177,11.331564,0.029991,0.029991,0.030646,3.129019
HRVST 5.550 02/15/37,Harvest Foods,Consumer Staples,A,CORP,0.0555,2037-02-15,10.376454,94.062413,0.709167,94.771579,0.063387,103.573139,7.879754,7.637687,73.011261,0.072384,7.743608,74.833511,0.073387,0.073387,0.074555,7.86684
SKYL 6.300 12/01/34,Skyline Telecom,Communications,BBB,CORP,0.063,2034-12-01,8.167009,96.737612,2.1,98.837612,0.068258,160.356575,6.339658,6.130432,47.234697,0.060592,6.21576,48.482296,0.061435,0.061435,0.062599,6.333554
SKYL 6.650 12/01/54,Skyline Telecom,Communications,BBB,CORP,0.0665,2054-12-01,28.167009,90.79363,2.216667,93.010297,0.074337,179.472659,12.112529,11.678461,224.501705,0.108622,11.831548,231.17753,0.110046,0.110046,0.110661,11.897668
