tenor,years,par_yield,zero_cont,zero_semi,discount_factor
1M,0.083333,0.0406,0.040531,0.040945,0.996628
3M,0.25,0.0417,0.041484,0.041917,0.989683
6M,0.5,0.0427,0.042251,0.0427,0.979096
1Y,1.0,0.0444,0.043933,0.044419,0.957018
2Y,2.0,0.0478,0.047328,0.047893,0.909685
3Y,3.0,0.0491,0.048633,0.049229,0.864244
5Y,5.0,0.0501,0.049638,0.050259,0.780212
7Y,7.0,0.0512,0.05082,0.051472,0.700653
10Y,10.0,0.0524,0.052165,0.052851,0.593542
20Y,20.0,0.0564,0.05736,0.05819,0.317527
30Y,30.0,0.0561,0.056196,0.056993,0.185281
