bond_id,issuer,sector,rating,kind,face,coupon,maturity,years_to_maturity,clean,dirty,ytm,z_spread_bp,eff_duration,eff_convexity,spread_duration,market_value,dv01,cs01,weight,krdv01_1M,krdv01_3M,krdv01_6M,krdv01_1Y,krdv01_2Y,krdv01_3Y,krdv01_5Y,krdv01_7Y,krdv01_10Y,krdv01_20Y,krdv01_30Y
UST 4.625 09/30/28,U.S. Treasury,Government,AAA,TSY,4012000.0,0.04625,2028-09-30,1.998631,99.69526,99.707966,0.047867,0.0,1.891239,4.571927,0.0,4000283.588434,756.549204,0.0,0.040002,-0.0,0.036952,-0.187172,-0.457326,757.156745,-0.0,-0.0,-0.0,-0.0,-0.0,-0.0
UST 5.000 09/30/31,U.S. Treasury,Government,AAA,TSY,9004000.0,0.05,2031-09-30,4.996578,99.943731,99.957467,0.050128,0.0,4.387465,22.719787,0.0,9000170.358845,3948.793472,0.0,0.090001,-0.0,0.089654,-0.133865,-0.136928,-0.14105,-0.327035,3949.442526,-0.0,-0.0,-0.0,-0.0
UST 1.375 11/15/31,U.S. Treasury,Government,AAA,TSY,4752000.0,0.01375,2031-11-15,5.122519,83.653361,84.172722,0.050349,0.0,4.813452,26.170516,0.0,3999887.757958,1925.326672,0.0,0.039999,0.205247,0.192799,-3.704254,-10.120426,-27.426446,-63.550485,1846.795443,182.934716,-0.0,-0.0,-0.0
UST 5.250 08/15/36,U.S. Treasury,Government,AAA,TSY,5956000.0,0.0525,2036-08-15,9.87269,100.06458,100.735096,0.052407,0.0,7.635018,71.32129,0.0,5999782.326366,4580.844499,0.0,0.059997,-0.0,1.898684,-1.803224,-0.062421,0.039212,0.277997,0.344758,127.859944,4452.28885,-0.0,-0.0
UST STRIP 0 11/15/36,U.S. Treasury,Government,AAA,TSY,3397000.0,0.0,2036-11-15,10.124572,58.867968,58.867968,0.053038,0.0,9.972424,103.878232,0.0,1999744.889638,1994.23044,0.0,0.019997,-0.0,-0.0,-2.653874,-8.060033,-21.878186,-50.726468,-117.385821,-217.60839,2339.133621,73.409265,-0.0
UST 4.750 02/15/45,U.S. Treasury,Government,AAA,TSY,4413000.0,0.0475,2045-02-15,18.376454,90.025152,90.63181,0.056275,0.0,11.917198,189.333902,0.0,3999581.763525,4766.380725,0.0,0.039995,-0.0,1.272818,-1.562651,-1.116445,-2.890612,-6.57672,-15.419291,-28.402387,281.419411,4539.65463,-0.0
UST 5.625 08/15/56,U.S. Treasury,Government,AAA,TSY,3966000.0,0.05625,2056-08-15,29.87269,100.144665,100.863076,0.056144,0.0,14.397899,317.867246,0.0,4000229.583005,5759.490331,0.0,0.040002,-0.0,1.354609,-1.291596,-0.06,-0.014005,0.100999,0.020719,0.23179,0.598482,41.751,5716.792263
ATLAS 4.200 01/15/29,Atlas Bancorp,Financials,A,CORP,1027000.0,0.042,2029-01-15,2.291581,96.493977,97.380643,0.058555,98.736334,2.142592,5.775274,2.189489,1000099.206243,214.280406,218.970671,0.010001,-0.0,0.440707,-0.546924,-0.397477,131.718179,83.065919,-0.0,-0.0,-0.0,-0.0,-0.0
ATLAS 5.500 06/15/31,Atlas Bancorp,Financials,A,CORP,3525000.0,0.055,2031-06-15,4.703628,97.657807,99.277252,0.060773,104.76645,4.047181,19.801517,4.135262,3499523.127836,1416.320508,1447.144328,0.034995,0.212778,1.739126,-1.402017,1.426997,3.620338,136.58119,1274.142041,-0.0,-0.0,-0.0,-0.0
ATLAS 5.875 03/15/36,Atlas Bancorp,Financials,A,CORP,3111000.0,0.05875,2036-03-15,9.453799,96.169099,96.43021,0.064213,116.641878,7.179586,63.83422,7.308033,2999943.834135,2153.83534,2192.368713,0.029999,-0.0,0.423204,0.185986,1.829656,4.667011,9.667351,19.10741,300.284541,1817.669916,-0.0,-0.0
MERID 5.800 04/15/30,Meridian Financial,Financials,BBB,CORP,1990000.0,0.058,2030-04-15,3.537303,97.849637,100.524081,0.064888,149.88455,3.092594,11.855944,3.160085,2000429.216348,618.651601,632.15256,0.020004,0.220138,-0.0,0.245689,1.273824,3.222204,380.406498,233.283236,-0.0,-0.0,-0.0,-0.0
MERID 6.125 10/15/33,Meridian Financial,Financials,BBB,CORP,4027000.0,0.06125,2033-10-15,7.039014,96.516367,99.340673,0.067543,158.638827,5.518016,37.988376,5.629283,4000448.883087,2207.453898,2251.96589,0.040004,0.470421,-0.0,0.690352,3.214075,8.188497,17.039479,33.713197,2098.94291,45.194793,-0.0,-0.0
KEYST 4.900 05/15/32,Keystone Mutual Insurance,Financials,AA,CORP,3082000.0,0.049,2032-05-15,5.620808,95.493705,97.344816,0.058507,77.412881,4.769261,27.345422,4.870067,3000167.240174,1430.857981,1461.101613,0.030001,0.473927,0.445185,-0.829204,0.034393,0.012701,-0.518639,870.752638,560.486926,-0.0,-0.0,-0.0
KEYST 5.600 05/15/47,Keystone Mutual Insurance,Financials,AA,CORP,3309000.0,0.056,2047-05-15,20.618754,88.552383,90.667939,0.066252,96.855865,11.512458,192.897882,11.496004,3000202.091298,3453.969908,3449.033569,0.030002,0.581384,0.546125,-0.573628,1.372343,3.570469,7.413652,14.393456,20.871385,43.994384,3046.326836,315.473128
VRTX 4.650 08/01/30,Vertex Systems,Technology,AA,CORP,1537000.0,0.0465,2030-08-01,3.832991,96.833448,97.608448,0.055768,59.214963,3.449332,14.237044,3.524532,1500241.848787,517.483253,528.76509,0.015002,-0.0,0.567311,-0.608804,-0.231186,-0.645709,234.70448,283.697149,-0.0,-0.0,-0.0,-0.0
VRTX 5.100 05/01/35,Vertex Systems,Technology,AA,CORP,1035000.0,0.051,2035-05-01,8.580424,94.495501,96.620501,0.059267,71.083546,6.719705,55.571269,6.843884,1000022.189003,671.985409,684.403577,0.01,0.216217,0.006236,-0.1616,0.104975,0.261336,0.432314,0.40371,254.984507,415.737666,-0.0,-0.0
VRTX 5.400 02/01/46,Vertex Systems,Technology,AA,CORP,3925000.0,0.054,2046-02-01,19.33744,88.260765,89.160765,0.064721,82.102438,11.494199,185.018704,11.471764,3499560.025846,4022.464091,4014.612745,0.034995,-0.0,1.681097,-1.201776,1.121126,2.913807,5.93065,11.001372,14.732837,136.443479,3849.839747,-0.0
QNTM 5.350 12/01/32,Quantum Devices,Technology,A,CORP,3051000.0,0.0535,2032-12-01,6.168378,96.54581,98.329143,0.060272,91.467705,5.11577,31.676546,5.221698,3000022.157629,1534.742423,1566.521107,0.03,0.334229,1.006671,-0.993173,0.868181,2.176123,4.330339,512.118652,1014.90132,-0.0,-0.0,-0.0
HALC 5.200 04/15/34,Halcyon Health,Healthcare,A,CORP,2583000.0,0.052,2034-04-15,7.537303,94.376043,96.773821,0.061427,96.499707,6.01225,44.364135,6.129628,2499667.79477,1502.862726,1532.203418,0.024996,0.25623,-0.0,-0.03674,0.536386,1.291306,2.369609,3.491054,1132.975012,361.979787,-0.0,-0.0
HALC 5.950 04/15/54,Halcyon Health,Healthcare,A,CORP,3795000.0,0.0595,2054-04-15,27.537303,89.475213,92.218824,0.068003,116.686292,12.457403,249.460876,12.520399,3499704.358803,4359.722723,4381.769476,0.034997,0.430722,-0.0,0.479531,2.524055,6.50459,13.791181,27.941054,43.326255,117.917129,882.498771,3264.307967
GRNT 5.900 11/15/29,Granite Energy Partners,Energy,BBB,CORP,1985000.0,0.059,2029-11-15,3.123888,98.519427,100.748316,0.064278,146.164892,2.774366,9.58004,2.834952,1999854.072113,554.832797,566.948933,0.019998,0.367221,0.34495,-0.183083,1.383987,3.570757,493.538136,55.81082,-0.0,-0.0,-0.0,-0.0
GRNT 6.250 07/15/35,Granite Energy Partners,Energy,BBB,CORP,3593000.0,0.0625,2035-07-15,8.785763,96.092825,97.412269,0.06847,160.319581,6.626215,55.01748,6.748262,3500022.836801,2319.190432,2361.907284,0.035,-0.0,2.290291,-1.136689,3.04949,7.874026,16.463019,32.837531,741.598951,1516.213623,-0.0,-0.0
RIVR 5.450 01/15/36,Riverstone Utilities,Utilities,A,CORP,2106000.0,0.0545,2036-01-15,9.289528,93.837363,94.987918,0.063364,108.50097,7.115061,62.656022,7.242816,2000445.55927,1423.329213,1448.885821,0.020004,-0.0,1.172362,-0.860012,0.744137,1.904257,3.807789,6.917394,251.73418,1157.908945,-0.0,-0.0
RIVR 6.000 06/01/55,Riverstone Utilities,Utilities,A,CORP,3847000.0,0.06,2055-06-01,28.665298,88.984162,90.984162,0.068847,125.209389,12.619109,257.705808,12.69147,3500160.720803,4416.891119,4442.218342,0.035001,0.472364,1.422722,-0.880614,2.778679,7.167813,15.197011,30.83359,47.909671,131.502349,593.549834,3586.934968
BLUW 6.050 03/01/33,Bluewater Power,Utilities,BBB,CORP,2561000.0,0.0605,2033-03-01,6.414784,97.132536,97.636703,0.066041,146.829434,5.257108,33.446648,5.365213,2500475.958105,1314.527177,1341.558536,0.025005,-0.0,0.646321,0.006084,1.932577,4.923457,10.194945,304.463073,992.360639,-0.0,-0.0,-0.0
IRON 5.750 09/15/31,Ironclad Industries,Industrials,BBB,CORP,2050000.0,0.0575,2031-09-15,4.95551,97.302858,97.558413,0.063927,134.438895,4.269129,21.809322,4.362062,1999947.476263,853.803278,872.389417,0.019999,-0.0,0.272718,0.132716,1.208131,3.054199,16.445454,832.690024,-0.0,-0.0,-0.0,-0.0
IRON 6.100 09/15/45,Ironclad Industries,Industrials,BBB,CORP,3367000.0,0.061,2045-09-15,18.956879,88.838953,89.110064,0.071869,154.215624,10.830322,167.205011,10.823616,3000335.864837,3249.460468,3247.448374,0.030003,-0.0,0.474764,0.431128,2.691568,6.852002,14.190347,28.141942,42.304068,245.5762,2908.797153,-0.0
SUMT 5.300 10/01/35,Summit Rail,Industrials,A,CORP,3234000.0,0.053,2035-10-01,8.999316,92.757833,92.757833,0.063697,112.639611,7.05655,60.591014,7.184765,2999788.303882,2116.815748,2155.277532,0.029998,-0.0,0.011313,0.33684,0.986339,2.359781,4.528155,7.55973,540.211887,1560.8215,-0.0,-0.0
HRVST 4.950 02/15/30,Harvest Foods,Consumer Staples,A,CORP,2553000.0,0.0495,2030-02-15,3.37577,97.309108,97.941608,0.058384,86.7114,3.062177,11.331564,3.129019,2500449.246691,765.681871,782.395233,0.025004,-0.0,0.764859,-0.650317,0.153938,0.330112,549.980887,215.102378,-0.0,-0.0,-0.0,-0.0
HRVST 5.550 02/15/37,Harvest Foods,Consumer Staples,A,CORP,3166000.0,0.0555,2037-02-15,10.376454,94.062413,94.771579,0.063387,103.573139,7.743608,74.833511,7.86684,3000468.205827,2323.444819,2360.420415,0.030004,-0.0,1.062807,-0.563204,1.233876,3.181498,6.490793,12.243466,16.813744,2101.686366,181.295225,-0.0
SKYL 6.300 12/01/34,Skyline Telecom,Communications,BBB,CORP,2529000.0,0.063,2034-12-01,8.167009,96.737612,98.837612,0.068258,160.356575,6.21576,48.482296,6.333554,2499603.216446,1553.69337,1583.137319,0.024996,0.325865,0.981479,-0.492906,2.238611,5.732967,12.020881,24.083827,792.48752,716.315039,-0.0,-0.0
SKYL 6.650 12/01/54,Skyline Telecom,Communications,BBB,CORP,3225000.0,0.0665,2054-12-01,28.167009,90.79363,93.010297,0.074337,179.472659,11.831548,231.17753,11.897668,2999582.062746,3548.969815,3568.803136,0.029996,0.438491,1.3207,-0.460276,3.609631,9.273968,19.581998,39.758281,61.716896,171.325767,695.802026,2546.600752
