bond_id,side,trade_face,trade_mv,cost_usd,weight_before,weight_after
UST 4.250 03/31/27,BUY,7948000.0,7948626.86538,436.820843,0.0,0.079497
UST 4.625 09/30/28,BUY,4220000.0,4207676.157326,294.479731,0.040002,0.082091
UST 4.875 09/15/29,BUY,7825000.0,7833945.502872,623.337553,0.0,0.07835
UST 5.250 08/15/36,SELL,-2443000.0,-2460958.39881,366.010712,0.059997,0.035393
UST STRIP 0 11/15/36,SELL,-3397000.0,-1999744.889638,302.45286,0.019997,0.0
UST 4.750 02/15/45,SELL,-4413000.0,-3999581.763525,934.96041,0.039995,0.0
UST 5.625 08/15/56,SELL,-3966000.0,-4000229.583005,1394.987659,0.040002,0.0
ATLAS 5.875 03/15/36,SELL,-1565000.0,-1509132.787021,1865.808729,0.029999,0.01491
MERID 6.125 10/15/33,SELL,-11000.0,-10927.473979,17.22143,0.040004,0.039901
KEYST 5.600 05/15/47,SELL,-1030000.0,-933879.768521,1228.489752,0.030002,0.020666
VRTX 5.400 02/01/46,SELL,-3925000.0,-3499560.025846,4491.461331,0.034995,0.0
HALC 5.950 04/15/54,SELL,-10000.0,-9221.882368,15.570527,0.034997,0.03491
RIVR 6.000 06/01/55,SELL,-1739000.0,-1582214.581096,2716.080883,0.035001,0.019182
