scenario,family,full_pnl,rates_pnl,spread_pnl,interaction_pnl,first_order_pnl,second_order_pnl,first_order_error,second_order_error,full_pnl_pct_nav,book
PC1 level +2 sigma (1M),pca,-3167993.326928,-3167993.326928,0.0,0.0,-3252897.035253,-3168299.801372,-84903.708326,-306.474444,-0.03168,before
PC1 level -2 sigma (1M),pca,3342173.3884,3342173.3884,0.0,0.0,3252897.035253,3337494.269135,-89276.353147,-4679.119265,0.033421,before
PC2 slope +2 sigma (1M),pca,-771890.427267,-771890.427267,0.0,0.0,-782108.198599,-768524.350547,-10217.771333,3366.076719,-0.007719,before
PC2 slope -2 sigma (1M),pca,792556.653554,792556.653554,0.0,0.0,782108.198599,795692.046651,-10448.454955,3135.393097,0.007925,before
PC3 curvature +2 sigma (1M),pca,31538.588557,31538.588557,0.0,0.0,30973.592734,31937.283892,-564.995823,398.695336,0.000315,before
PC3 curvature -2 sigma (1M),pca,-30410.729018,-30410.729018,0.0,0.0,-30973.592734,-30009.901575,-562.863716,400.827443,-0.000304,before
PC1 level +2 sigma (1M),pca,-2390881.744233,-2390881.744233,0.0,0.0,-2443354.648272,-2390298.972281,-52472.904039,582.771952,-0.023912,after
PC1 level -2 sigma (1M),pca,2498194.261628,2498194.261628,0.0,0.0,2443354.648272,2496410.324263,-54839.613356,-1783.937365,0.024985,after
PC2 slope +2 sigma (1M),pca,-311566.222044,-311566.222044,0.0,0.0,-316699.737553,-310099.81891,-5133.515509,1466.403134,-0.003116,after
PC2 slope -2 sigma (1M),pca,321945.155591,321945.155591,0.0,0.0,316699.737553,323299.656196,-5245.418038,1354.500605,0.00322,after
PC3 curvature +2 sigma (1M),pca,-55030.729739,-55030.729739,0.0,0.0,-55368.916892,-54826.977217,-338.187153,203.752523,-0.00055,after
PC3 curvature -2 sigma (1M),pca,55706.088684,55706.088684,0.0,0.0,55368.916892,55910.856568,-337.171792,204.767883,0.000557,after
