scenario,family,full_pnl,rates_pnl,spread_pnl,interaction_pnl,first_order_pnl,second_order_pnl,first_order_error,second_order_error,full_pnl_pct_nav
Parallel +25bp,rates,-1308442.308995,-1308442.308995,0.0,0.0,-1324983.823453,-1308224.912894,-16541.514458,217.3961,-0.013086
Parallel +50bp,rates,-2584648.073749,-2584648.073749,0.0,0.0,-2649967.646906,-2582932.004672,-65319.573157,1716.069077,-0.02585
Parallel +100bp,rates,-5045174.016099,-5045174.016099,0.0,0.0,-5299935.293811,-5031792.724876,-254761.277713,13381.291222,-0.050459
Parallel -25bp,rates,1341964.96782,1341964.96782,0.0,0.0,1324983.823453,1341742.734011,-16981.144367,-222.233808,0.013422
Parallel -50bp,rates,2718807.616424,2718807.616424,0.0,0.0,2649967.646906,2717003.289139,-68839.969519,-1804.327285,0.027192
Parallel -100bp,rates,5582916.939422,5582916.939422,0.0,0.0,5299935.293811,5568077.862746,-282981.645611,-14839.076676,0.055837
Bear steepener (2s -25 / 10s+ +25),curve,-527430.65091,-527430.65091,0.0,0.0,-536351.908087,-524295.832383,-8921.257176,3134.818527,-0.005275
Bull flattener (2s +25 / 10s+ -25),curve,545544.851516,545544.851516,0.0,0.0,536351.908087,548407.98379,-9192.943429,2863.132274,0.005456
IG spreads widen (AA+30/A+50/BBB+80),credit,-2350566.619781,0.0,-2350566.619781,0.0,-2435388.609315,-2345538.180222,-84821.989534,5028.43956,-0.023509
Risk-off: rates -50 + IG widening,combined,234333.60954,2718807.616424,-2350566.619781,-133907.387103,214579.037591,232351.814996,-19754.57195,-1981.794544,0.002344
Stagflation: rates +100 + IG widening,combined,-7158656.441637,-5045174.016099,-2350566.619781,237084.194243,-7735323.903126,-7099104.317255,-576667.461489,59552.124382,-0.071596
